{
    "ambientocclusion": false,
    "textures": {
        "particle": "#rail"
    },
    "elements": [
        {
		    "from": [ 0, 9, 0 ],
            "to": [ 16, 9, 16 ],
            "rotation": {
                "origin": [ 8, 9, 8 ],
                "axis": "x",
                "angle": -45,
                "rescale": true
            },
            "faces": {
                "down":  { "uv": [ 0, 16, 16,  0 ], "texture": "#rail" },
                "up":    { "uv": [ 0,  0, 16, 16 ], "texture": "#rail" }
            }
        },
        {
		    "from": [ 2, 8, 0 ],
            "to": [ 4, 10, 16 ],
            "rotation": {
                "origin": [ 8, 9, 8 ],
                "axis": "x",
                "angle": -45,
                "rescale": true
            },
            "faces": {
                "down":  { "uv": [ 2,  0, 4, 16 ], "texture": "#rail", "cullface": "dowm" },
                "up":    { "uv": [ 2,  0, 4, 16 ], "texture": "#rail" },
                "north": { "uv": [ 4,  0, 2,  2 ], "texture": "#rail" },
                "south": { "uv": [ 2,  0, 4,  2 ], "texture": "#rail" },
                "east":  { "uv": [ 3,  0, 4, 16 ], "texture": "#rail" },
                "west":  { "uv": [ 2,  0, 3, 16 ], "texture": "#rail" }
            }
        },
        {
		    "from": [ 12, 8, 0 ],
            "to": [ 14, 10, 16 ],
            "rotation": {
                "origin": [ 8, 9, 8 ],
                "axis": "x",
                "angle": -45,
                "rescale": true
            },
            "faces": {
                "down":  { "uv": [ 12,  0, 14, 16 ], "texture": "#rail", "cullface": "dowm" },
                "up":    { "uv": [ 12,  0, 14, 16 ], "texture": "#rail" },
                "north": { "uv": [ 14,  0, 12,  2 ], "texture": "#rail" },
                "south": { "uv": [ 12,  0, 14,  2 ], "texture": "#rail" },
                "east":  { "uv": [ 13,  0, 14, 16 ], "texture": "#rail" },
                "west":  { "uv": [ 12,  0, 13, 16 ], "texture": "#rail" }
            }
        },
        {
		    "from": [ 1, 8, 1 ],
            "to": [ 15, 9, 3 ],
            "rotation": {
                "origin": [ 8, 9, 8 ],
                "axis": "x",
                "angle": -45,
                "rescale": true
            },
            "faces": {
                "down":  { "uv": [ 15,  1,  1,  3 ], "texture": "#rail", "cullface": "dowm" },
                "up":    { "uv": [  1,  1, 15,  3 ], "texture": "#rail" },
                "north": { "uv": [ 15,  1,  1,  2 ], "texture": "#rail" },
                "south": { "uv": [  1,  2, 15,  3 ], "texture": "#rail" },
                "east":  { "uv": [ 14,  1, 15,  3 ], "texture": "#rail", "rotation": 90 },
                "west":  { "uv": [  1,  1,  2,  3 ], "texture": "#rail", "rotation": 270 }
            }
        },
        {
		    "from": [ 1, 8, 5 ],
            "to": [ 15, 9, 7 ],
            "rotation": {
                "origin": [ 8, 9, 8 ],
                "axis": "x",
                "angle": -45,
                "rescale": true
            },
            "faces": {
                "down":  { "uv": [ 15,  5,  1,  7 ], "texture": "#rail", "cullface": "dowm" },
                "up":    { "uv": [  1,  5, 15,  7 ], "texture": "#rail" },
                "north": { "uv": [ 15,  5,  1,  6 ], "texture": "#rail" },
                "south": { "uv": [  1,  6, 15,  7 ], "texture": "#rail" },
                "east":  { "uv": [ 14,  5, 15,  7 ], "texture": "#rail", "rotation": 90 },
                "west":  { "uv": [  1,  5,  2,  7 ], "texture": "#rail", "rotation": 270 }
            }
        },
        {
		    "from": [ 1, 8, 9 ],
            "to": [ 15, 9, 11 ],
            "rotation": {
                "origin": [ 8, 9, 8 ],
                "axis": "x",
                "angle": -45,
                "rescale": true
            },
            "faces": {
                "down":  { "uv": [ 15,  9,  1, 11 ], "texture": "#rail", "cullface": "dowm" },
                "up":    { "uv": [  1,  9, 15, 11 ], "texture": "#rail" },
                "north": { "uv": [ 15,  9,  1, 10 ], "texture": "#rail" },
                "south": { "uv": [  1, 10, 15, 11 ], "texture": "#rail" },
                "east":  { "uv": [ 14,  9, 15, 11 ], "texture": "#rail", "rotation": 90 },
                "west":  { "uv": [  1,  9,  2, 11 ], "texture": "#rail", "rotation": 270 }
            }
        },
        {
		    "from": [ 1, 8, 13 ],
            "to": [ 15, 9, 15 ],
            "rotation": {
                "origin": [ 8, 9, 8 ],
                "axis": "x",
                "angle": -45,
                "rescale": true
            },
            "faces": {
                "down":  { "uv": [ 15, 13,  1, 15 ], "texture": "#rail", "cullface": "dowm" },
                "up":    { "uv": [  1, 13, 15, 15 ], "texture": "#rail" },
                "north": { "uv": [ 15, 13,  1, 14 ], "texture": "#rail" },
                "south": { "uv": [  1, 14, 15, 15 ], "texture": "#rail" },
                "east":  { "uv": [ 14, 13, 15, 15 ], "texture": "#rail", "rotation": 90 },
                "west":  { "uv": [  1, 13,  2, 15 ], "texture": "#rail", "rotation": 270 }
            }
        },
        {
		    "from": [ 5, 8, 5 ],
            "to": [ 11, 9, 11 ],
            "rotation": {
                "origin": [ 8, 9, 8 ],
                "axis": "x",
                "angle": -45,
                "rescale": true
            },
            "faces": {
                "down":  { "uv": [ 11,  5,  5, 11 ], "texture": "#rail", "cullface": "dowm" },
                "up":    { "uv": [  5,  5, 11, 11 ], "texture": "#rail" },
                "north": { "uv": [ 11,  5,  5,  6 ], "texture": "#rail" },
                "south": { "uv": [  5, 10, 11, 11 ], "texture": "#rail" },
                "east":  { "uv": [ 10,  5, 11, 11 ], "texture": "#rail", "rotation": 90 },
                "west":  { "uv": [  5,  5,  6, 11 ], "texture": "#rail", "rotation": 270 }
            }
        },
        {
		    "from": [ 7, 8, 7 ],
            "to": [ 9, 9, 9 ],
            "rotation": {
                "origin": [ 8, 9, 8 ],
                "axis": "x",
                "angle": -45,
                "rescale": true
            },
            "faces": {
                "down":  { "uv": [ 9, 7, 7, 9 ], "texture": "#rail", "cullface": "dowm" },
                "up":    { "uv": [ 7, 7, 9, 9 ], "texture": "#rail" },
                "north": { "uv": [ 9, 7, 7, 8 ], "texture": "#rail" },
                "south": { "uv": [ 7, 8, 9, 9 ], "texture": "#rail" },
                "east":  { "uv": [ 8, 7, 9, 9 ], "texture": "#rail", "rotation": 90 },
                "west":  { "uv": [ 7, 7, 8, 9 ], "texture": "#rail", "rotation": 270 }
            }
        },
        {
		    "from": [ 7, 8, 3 ],
            "to": [ 9, 9, 5 ],
            "rotation": {
                "origin": [ 8, 9, 8 ],
                "axis": "x",
                "angle": -45,
                "rescale": true
            },
            "faces": {
                "down":  { "uv": [ 9, 3, 7, 5 ], "texture": "#rail", "cullface": "dowm" },
                "up":    { "uv": [ 7, 3, 9, 5 ], "texture": "#rail" },
                "north": { "uv": [ 9, 3, 7, 4 ], "texture": "#rail" },
                "south": { "uv": [ 7, 4, 9, 5 ], "texture": "#rail" },
                "east":  { "uv": [ 8, 3, 9, 5 ], "texture": "#rail", "rotation": 90 },
                "west":  { "uv": [ 7, 3, 8, 5 ], "texture": "#rail", "rotation": 270 }
            }
        },
        {
		    "from": [ 7, 8, 11 ],
            "to": [ 9, 9, 13 ],
            "rotation": {
                "origin": [ 8, 9, 8 ],
                "axis": "x",
                "angle": -45,
                "rescale": true
            },
            "faces": {
                "down":  { "uv": [ 9, 11, 7, 13 ], "texture": "#rail", "cullface": "dowm" },
                "up":    { "uv": [ 7, 11, 9, 13 ], "texture": "#rail" },
                "north": { "uv": [ 9, 11, 7, 12 ], "texture": "#rail" },
                "south": { "uv": [ 7, 12, 9, 13 ], "texture": "#rail" },
                "east":  { "uv": [ 8, 11, 9, 13 ], "texture": "#rail", "rotation": 90 },
                "west":  { "uv": [ 7, 11, 8, 13 ], "texture": "#rail", "rotation": 270 }
            }
        },
        {
		    "from": [ 4, 8, 0 ],
            "to": [ 5, 9, 16 ],
            "rotation": {
                "origin": [ 8, 9, 8 ],
                "axis": "x",
                "angle": -45,
                "rescale": true
            },
            "faces": {
                "down":  { "uv": [ 5,  0, 4, 16 ], "texture": "#rail", "cullface": "dowm" },
                "up":    { "uv": [ 4,  0, 5, 16 ], "texture": "#rail" },
                "north": { "uv": [ 5,  0, 4,  1 ], "texture": "#rail" },
                "south": { "uv": [ 4, 15, 5, 16 ], "texture": "#rail" },
                "east":  { "uv": [ 4,  0, 5, 16 ], "texture": "#rail", "rotation": 90 },
                "west":  { "uv": [ 4,  0, 5, 16 ], "texture": "#rail", "rotation": 270 }
            }
        },
        {
		    "from": [ 11, 8, 0 ],
            "to": [ 13, 9, 16 ],
            "rotation": {
                "origin": [ 8, 9, 8 ],
                "axis": "x",
                "angle": -45,
                "rescale": true
            },
            "faces": {
                "down":  { "uv": [ 12,  0, 11, 16 ], "texture": "#rail", "cullface": "dowm" },
                "up":    { "uv": [ 11,  0, 12, 16 ], "texture": "#rail" },
                "north": { "uv": [ 12,  0, 11,  1 ], "texture": "#rail" },
                "south": { "uv": [ 11, 15, 12, 16 ], "texture": "#rail" },
                "east":  { "uv": [ 11,  0, 12, 16 ], "texture": "#rail", "rotation": 90 },
                "west":  { "uv": [ 11,  0, 12, 16 ], "texture": "#rail", "rotation": 270 }
            }
        }
    ]
}
